SKIN CAVIAR,LUXE CREAM,"FIRMING,LIFTING,NOURISHING",$595.00
SKIN CAVIAR,THE MIST,"HYDRATING,REFRESHING,SMOOTHING",$185.00
SKIN CAVIAR,LIQUID LIFT,"FIRMING,LIFTING,SMOOTHING",$785.00
SKIN CAVIAR,EYE LIFT,"ANTI-WRINKLES,FIRMING,LIFTING",$570.00
PLATINUM RARE,HAUTE-REJUVENATION ELIXIR,"FIRMING,LIFTING,REJUVENATING","$1,460.00"
SKIN CAVIAR,LUXE CREAM SHEER,"FIRMING,LIFTING,NOURISHING",$595.00
SKIN CAVIAR,FACE AND EYE LIMITED EDITION SET,"FIRMING,LIFTING,NOURISHING","$1,065.00"
WHITE CAVIAR,ESSENTIALS LIMITED EDITION SET,"BRIGHTENING,FIRMING,HYDRATING","$1,610.00"
PLATINUM RARE,HAUTE-REJUVENATION CREAM,"FIRMING,REJUVENATING,SMOOTHING","$1,690.00"
SKIN CAVIAR,LUXE EYE CREAM,"FIRMING,LIFTING,NOURISHING",$435.00
SKIN CAVIAR,NIGHTTIME OIL,"ANTI-WRINKLES,FIRMING,NOURISHING",$580.00
PLATINUM RARE,CELLULAR NIGHT ELIXIR,"FIRMING,REJUVENATING,SMOOTHING","$1,460.00"
WHITE CAVIAR,PEARL INFUSION,"BRIGHTENING,EVEN-SKIN,FIRMING",$770.00
LA PRAIRIE,FOAM CLEANSER,"PURIFYING,REFRESHING",$100.00
WHITE CAVIAR,CRÈME EXTRAORDINAIRE,"BRIGHTENING,FIRMING,HYDRATING",$840.00
SKIN CAVIAR,ESSENCE-IN-LOTION,"FIRMING,HYDRATING",$320.00
PLATINUM RARE,HAUTE-REJUVENATION MASK REPLENISHMENT,"ANTI-WRINKLES,REJUVENATING,SMOOTHING","$1,570.00"
SKIN CAVIAR,ESSENCE-IN-LOTION 250 ML DEVOTEE EDITION,"FIRMING,HYDRATING",$475.00
SKIN CAVIAR,NIGHT INDULGENCE ONLINE EXCLUSIVE,"FIRMING,NOURISHING,SOOTHING",$625.00
PLATINUM RARE,HAUTE-REJUVENATION EYE CREAM,"FIRMING,REJUVENATING,SMOOTHING","$1,090.00"
PLATINUM RARE,HAUTE-REJUVENATION EYE ELIXIR,"LIFTING,REJUVENATING","$1,090.00"
SKIN CAVIAR,HARMONY L'EXTRAIT,"ANTI-WRINKLES,LIFTING,VOLUME-ENHANCING",$860.00
PURE GOLD,RADIANCE CREAM REPLENISHMENT,"NOURISHING,REVITALISING",$840.00
Cellular Swiss Uv,PROTECTION VEIL SUNSCREEN BROAD SPECTRUM SPF 30,"EVEN-SKIN,UV-PROTECTION",$235.00
SKIN CAVIAR,LUXE SLEEP MASK,"FIRMING,SMOOTHING",$445.00
PLATINUM RARE,HAUTE-REJUVENATION MASK,"ANTI-WRINKLES,REJUVENATING,SMOOTHING","$1,740.00"
PLATINUM RARE,HAUTE-REJUVENATION PROTOCOL,"FIRMING,REJUVENATING,VOLUME-ENHANCING","$2,180.00"
PLATINUM RARE,EYE CARE LIMITED EDITION SET,"LIFTING,REJUVENATING,SMOOTHING","$2,180.00"
SKIN CAVIAR,ABSOLUTE FILLER,"FIRMING,NOURISHING,VOLUME-ENHANCING",$725.00
Cellular,SOFTENING AND BALANCING LOTION,"HYDRATING,SOOTHING",$215.00
SKIN CAVIAR,EYE CARE LIMITED EDITION SET,"FIRMING,LIFTING,SOOTHING",$665.00
PURE GOLD,RADIANCE CREAM,"NOURISHING,REVITALISING,SMOOTHING",$935.00
Cellular,3-MINUTE PEEL,"AHA,EXFOLIATING,REFINING",$285.00
WHITE CAVIAR,ESSENCE EXTRAORDINAIRE,"BRIGHTENING,FIRMING,REFINING",$460.00
Cellular,REFINING LOTION,"REFINING,REFRESHING",$130.00
Essence Of Skin Caviar,EYE COMPLEX,"FIRMING,HYDRATING,SOOTHING",$175.00
WHITE CAVIAR,EYE EXTRAORDINAIRE,"BRIGHTENING,DARK-CIRCLES,FIRMING",$630.00
PURE GOLD,RADIANCE NOCTURNAL BALM,"NOURISHING,REJUVENATING,REVITALISING","$1,025.00"
PLATINUM RARE,CELLULAR LIFE-LOTION,"REFINING,REJUVENATING,SMOOTHING",$765.00
SKIN CAVIAR,EYE EXPERT ONLINE EXCLUSIVE,"ANTI-WRINKLES,FIRMING,LIFTING",$745.00
Purifying,CREAM CLEANSER,"HYDRATING,SOOTHING",$100.00
Cellular,MINERAL FACE EXFOLIATOR,"EXFOLIATING,PURIFYING",$165.00
Cellular,HAND CREAM,HYDRATING,$140.00
PLATINUM RARE,HAUTE-REJUVENATION CREAM,"FIRMING,REJUVENATING,SMOOTHING","$1,090.00"
PURE GOLD,RADIANCE EYE CREAM,"ANTI-PUFFINESS,NOURISHING,REVITALISING",$700.00
PURE GOLD,RADIANCE CONCENTRATE,"NOURISHING,REFINING,REVITALISING",$935.00
PURE GOLD,RADIANCE NOCTURNAL BALM REPLENISHMENT,"NOURISHING,REJUVENATING,REVITALISING",$925.00
Cellular,HYDRALIFT FIRMING MASK,"FIRMING,HYDRATING,SOOTHING",$215.00
PURE GOLD,RADIANCE CONCENTRATE REPLENISHMENT,"NOURISHING,REFINING,REVITALISING",$840.00
Cellular,ENERGIZING MIST,REFRESHING,$175.00
LA PRAIRIE,CRYSTAL MICELLAR WATER EYES FACE,SOOTHING,$155.00
LA PRAIRIE,SUPREME BALM CLEANSER,SOOTHING,$180.00
PURE GOLD,RADIANCE EYE CREAM REPLENISHMENT,"ANTI-PUFFINESS,NOURISHING,REVITALISING",$630.00
SKIN CAVIAR,VANITY TRAY LIMITED EDITION,"FIRMING,LIFTING,NOURISHING","$1,990.00"
PURE GOLD,LUXURY RITUAL,"NOURISHING,REVITALISING,SMOOTHING","$2,570.00"
SKIN CAVIAR,RESCULPTING LIMITED EDITION SET,"ANTI-WRINKLES,LIFTING,NOURISHING","$1,490.00"
PLATINUM RARE,HAUTE-REJUVENATION CREAM,"FIRMING,REJUVENATING,SMOOTHING","£1,395.00"
SKIN CAVIAR,LUXE CREAM,"FIRMING,LIFTING,NOURISHING",£500.00
SKIN CAVIAR,LIQUID LIFT,"FIRMING,LIFTING,SMOOTHING",£645.00
PLATINUM RARE,HAUTE-REJUVENATION ELIXIR,"FIRMING,LIFTING,REJUVENATING","£1,205.00"
SKIN CAVIAR,THE MIST,"HYDRATING,REFRESHING,SMOOTHING",£150.00
PLATINUM RARE,HAUTE-REJUVENATION PROTOCOL,"FIRMING,REJUVENATING,VOLUME-ENHANCING","£1,800.00"
SKIN CAVIAR,LUXE EYE CREAM,"FIRMING,LIFTING,NOURISHING",£350.00
PURE GOLD,RADIANCE CREAM,"NOURISHING,REVITALISING,SMOOTHING",£760.00
SKIN CAVIAR,LUXE CREAM SHEER,"FIRMING,LIFTING,NOURISHING",£500.00
SKIN CAVIAR,HARMONY L'EXTRAIT,"ANTI-WRINKLES,LIFTING,VOLUME-ENHANCING",£695.00
WHITE CAVIAR,CRÈME EXTRAORDINAIRE,"BRIGHTENING,FIRMING,HYDRATING",£685.00
WHITE CAVIAR,ESSENTIALS LIMITED EDITION SET,"BRIGHTENING,FIRMING,HYDRATING","£1,283.00"
WHITE CAVIAR,PEARL INFUSION,"BRIGHTENING,EVEN-SKIN,FIRMING",£615.00
LA PRAIRIE,FOAM CLEANSER,"PURIFYING,REFRESHING",£80.00
WHITE CAVIAR,EYE EXTRAORDINAIRE,"BRIGHTENING,DARK-CIRCLES,FIRMING",£500.00
SKIN CAVIAR,NIGHT INDULGENCE ONLINE EXCLUSIVE,"FIRMING,NOURISHING,SOOTHING",£495.00
Cellular,REFINING LOTION,"REFINING,REFRESHING",£105.00
PLATINUM RARE,HAUTE-REJUVENATION EYE CREAM,"FIRMING,REJUVENATING,SMOOTHING",£900.00
SKIN CAVIAR,ESSENCE-IN-LOTION,"FIRMING,HYDRATING",£255.00
CELLULAR SWISS UV,PROTECTION VEIL,"EVEN-SKIN,UV-PROTECTION",£190.00
PURE GOLD,RADIANCE NOCTURNAL BALM REPLENISHMENT,"NOURISHING,REJUVENATING,REVITALISING",£755.00
SKIN CAVIAR,LUXE SLEEP MASK,"FIRMING,SMOOTHING",£370.00
PURE GOLD,RADIANCE CREAM REPLENISHMENT,"NOURISHING,REVITALISING",£685.00
Essence Of Skin Caviar,EYE COMPLEX,"FIRMING,HYDRATING,SOOTHING",£130.00
SKIN CAVIAR,ABSOLUTE FILLER,"FIRMING,NOURISHING,VOLUME-ENHANCING",£610.00
PURE GOLD,RADIANCE EYE CREAM,"ANTI-PUFFINESS,NOURISHING,REVITALISING",£575.00
PURE GOLD,RADIANCE EYE CREAM REPLENISHMENT,"ANTI-PUFFINESS,NOURISHING,REJUVENATING",£515.00
Cellular,MINERAL FACE EXFOLIATOR,"EXFOLIATING,PURIFYING",£135.00
LA PRAIRIE,CRYSTAL MICELLAR WATER EYES FACE,SOOTHING,£125.00
Cellular,HYDRALIFT FIRMING MASK,"FIRMING,HYDRATING,SOOTHING",£175.00
LA PRAIRIE,SUPREME BALM CLEANSER,SOOTHING,£145.00
Cellular,SOFTENING AND BALANCING LOTION,"HYDRATING,SOOTHING",£175.00
Cellular,HAND CREAM,HYDRATING,£115.00
Purifying,CREAM CLEANSER,"HYDRATING,SMOOTHING",£85.00
PLATINUM RARE,HAUTE-REJUVENATION MASK,"ANTI-WRINKLES,REJUVENATING,SMOOTHING","£1,385.00"
PLATINUM RARE,CELLULAR NIGHT ELIXIR,"FIRMING,REJUVENATING,SMOOTHING","£1,205.00"
PLATINUM RARE,CELLULAR LIFE-LOTION,"REFINING,REJUVENATING,SMOOTHING",£635.00
PLATINUM RARE,HAUTE-REJUVENATION EYE ELIXIR,"LIFTING,REJUVENATING",£900.00
PURE GOLD,RADIANCE CONCENTRATE,"NOURISHING,REFINING,REVITALISING",£760.00
SKIN CAVIAR,EYE EXPERT ONLINE EXCLUSIVE,"ANTI-WRINKLES,FIRMING,LIFTING",£625.00
SKIN CAVIAR,NIGHTTIME OIL,"ANTI-WRINKLES,FIRMING,NOURISHING",£485.00
SKIN CAVIAR,VANITY TRAY LIMITED EDITION,"FIRMING,LIFTING,NOURISHING","£1,610.00"
SKIN CAVIAR,FACE AND EYE LIMITED EDITION SET,"FIRMING,LIFTING,NOURISHING",£851.00
Cellular,ENERGIZING MIST,REFRESHING,£145.00
SKIN CAVIAR,ESSENCE-IN-LOTION 250 ML DEVOTEE EDITION,"FIRMING,HYDRATING",£385.00
PLATINUM RARE,HAUTE-REJUVENATION CREAM,"FIRMING,REJUVENATING,SMOOTHING",£900.00
PURE GOLD,RADIANCE NOCTURNAL BALM,"NOURISHING,REJUVENATING,REVITALISING",£840.00
WHITE CAVIAR,ESSENCE EXTRAORDINAIRE,"BRIGHTENING,FIRMING,REFINING",£365.00
SKIN CAVIAR,EYE LIFT,"ANTI-WRINKLES,FIRMING,LIFTING",£450.00
SKIN CAVIAR,RESCULPTING LIMITED EDITION SET,"ANTI-WRINKLES,LIFTING,NOURISHING","£1,190.00"
SKIN CAVIAR,EYE CARE LIMITED EDITION SET,"FIRMING,LIFTING,SOOTHING",£535.00
PLATINUM RARE,EYE CARE LIMITED EDITION SET,"LIFTING,REJUVENATING,SMOOTHING","£1,744.00"
PLATINUM RARE,HAUTE-REJUVENATION MASK REPLENISHMENT,"ANTI-WRINKLES,REJUVENATING,SMOOTHING","£1,245.00"
Cellular,3-MINUTE PEEL,"AHA,EXFOLIATING,REFINING",£230.00
PURE GOLD,RADIANCE CONCENTRATE REPLENISHMENT,"NOURISHING,REFINING,REVITALISING",£685.00
PURE GOLD,RADIANCE CREAM REPLENISHMENT,"NOURISHING,REVITALISING",
PLATINUM RARE,HAUTE-REJUVENATION ELIXIR,"FIRMING,LIFTING,REJUVENATING",
SKIN CAVIAR,NIGHTTIME OIL,"ANTI-WRINKLES,FIRMING,NOURISHING",
WHITE CAVIAR,CRÈME EXTRAORDINAIRE,"BRIGHTENING,FIRMING,HYDRATING",
SKIN CAVIAR,LUXE SLEEP MASK,"FIRMING,SMOOTHING",
ESSENCE OF SKIN CAVIAR,EYE COMPLEX,"FIRMING,HYDRATING,SOOTHING",
LA PRAIRIE,FOAM CLEANSER,"PURIFYING,REFRESHING",
CELLULAR,HAND CREAM,HYDRATING,
SKIN CAVIAR,LUXE EYE CREAM,"FIRMING,LIFTING,NOURISHING",
CELLULAR,SOFTENING AND BALANCING LOTION,"HYDRATING,SOOTHING",
PURIFYING,CREAM CLEANSER,"HYDRATING,SOOTHING",
PLATINUM RARE,HAUTE-REJUVENATION EYE ELIXIR,"LIFTING,REJUVENATING",
SKIN CAVIAR,ESSENCE-IN-LOTION,"FIRMING,HYDRATING",
PLATINUM RARE,CELLULAR NIGHT ELIXIR,"FIRMING,REJUVENATING,SMOOTHING",
CELLULAR,HYDRALIFT FIRMING MASK,"FIRMING,HYDRATING,SOOTHING",
Cellular,ENERGIZING MIST,REFRESHING,
CELLULAR,MINERAL FACE EXFOLIATOR,"EXFOLIATING,PURIFYING",
CELLULAR SWISS UV,PROTECTION VEIL SUNSCREEN,"EVEN-SKIN,UV-PROTECTION",
PURE GOLD,RADIANCE EYE CREAM REPLENISHMENT,"ANTI-PUFFINESS,NOURISHING,REVITALISING",
PURE GOLD,RADIANCE CREAM,"NOURISHING,REVITALISING,SMOOTHING",
PURE GOLD,RADIANCE CONCENTRATE REPLENISHMENT,"NOURISHING,REFINING,REVITALISING",
PURE GOLD,RADIANCE EYE CREAM,"ANTI-PUFFINESS,NOURISHING,REVITALISING",
PURE GOLD,RADIANCE CONCENTRATE,"NOURISHING,REFINING,REVITALISING",
PLATINUM RARE,HAUTE-REJUVENATION PROTOCOL,"FIRMING,REJUVENATING,VOLUME-ENHANCING",
PURE GOLD,RADIANCE NOCTURNAL BALM REPLENISHMENT,"NOURISHING,REJUVENATING,REVITALISING",
PLATINUM RARE,HAUTE-REJUVENATION MASK,"ANTI-WRINKLES,REJUVENATING,SMOOTHING",
PLATINUM RARE,HAUTE-REJUVENATION EYE CREAM,"FIRMING,REJUVENATING,SMOOTHING",
SKIN CAVIAR,LUXE CREAM SHEER,"FIRMING,LIFTING,NOURISHING",
WHITE CAVIAR,EYE EXTRAORDINAIRE,"BRIGHTENING,DARK-CIRCLES,FIRMING",
LA PRAIRIE,SUPREME BALM CLEANSER,SOOTHING,
SKIN CAVIAR,HARMONY L'EXTRAIT,"ANTI-WRINKLES,LIFTING,VOLUME-ENHANCING",
LA PRAIRIE,CRYSTAL MICELLAR WATER EYES FACE,SOOTHING,
SKIN CAVIAR,LUXE CREAM,"FIRMING,LIFTING,NOURISHING",
PLATINUM RARE,CELLULAR LIFE-LOTION,"REFINING,REJUVENATING,SMOOTHING",
PLATINUM RARE,HAUTE-REJUVENATION CREAM,"FIRMING,REJUVENATING,SMOOTHING",
SKIN CAVIAR,ABSOLUTE FILLER,"FIRMING,NOURISHING,VOLUME-ENHANCING",
WHITE CAVIAR,ESSENCE EXTRAORDINAIRE,"BRIGHTENING,FIRMING,REFINING",
PURE GOLD,RADIANCE NOCTURNAL BALM,"NOURISHING,REJUVENATING,REVITALISING",
SKIN CAVIAR,LIQUID LIFT,"FIRMING,LIFTING,SMOOTHING",
SKIN CAVIAR,EYE LIFT,"ANTI-WRINKLES,FIRMING,LIFTING",
CELLULAR,3-MINUTE PEEL,AHA,
PLATINUM RARE,HAUTE-REJUVENATION MASK REPLENISHMENT,"ANTI-WRINKLES,REJUVENATING,SMOOTHING",
WHITE CAVIAR,PEARL INFUSION,"BRIGHTENING,EVEN-SKIN,FIRMING",